valid_time,year,t2m_c,d2m_c,RH,tp_mm,ssrd_MJ,municipio
2015-01-01,2015,18.62918,15.431305,81.66565,12.493048,18.585024,La Union-Narino
2015-01-01,2015,15.587555,11.431305,76.298485,3.8932106,18.93552,Ricaurte-Moniquira
2015-02-01,2015,18.771759,15.951813,83.682144,10.392971,18.140713,La Union-Narino
2015-02-01,2015,15.988922,12.668121,80.67337,5.935572,18.381824,Ricaurte-Moniquira
2015-03-01,2015,18.606598,16.15274,85.64193,18.666845,17.384708,La Union-Narino
2015-03-01,2015,16.02945,13.143219,83.003944,7.540397,18.318607,Ricaurte-Moniquira
2015-04-01,2015,19.077911,16.039581,82.55946,17.487564,18.110704,La Union-Narino
2015-04-01,2015,16.369537,13.250641,81.79529,11.235106,17.785149,Ricaurte-Moniquira
2015-05-01,2015,19.096588,15.633209,80.34903,13.599671,17.771502,La Union-Narino
2015-05-01,2015,16.640778,12.795807,78.04281,8.861885,18.225807,Ricaurte-Moniquira
2015-06-01,2015,19.551178,14.285065,71.61703,7.602145,16.853668,La Union-Narino
2015-06-01,2015,16.603668,11.971344,74.10498,7.0424056,17.86712,Ricaurte-Moniquira
2015-07-01,2015,19.54898,14.40152,72.1682,8.717388,16.873468,La Union-Narino
2015-07-01,2015,16.484283,11.480377,72.288826,7.529437,17.71168,Ricaurte-Moniquira
2015-08-01,2015,20.169586,13.162994,64.07797,3.2129753,18.785503,La Union-Narino
2015-08-01,2015,16.524323,11.228912,70.9148,6.4113708,19.153025,Ricaurte-Moniquira
2015-09-01,2015,20.414948,13.103668,62.870155,3.510798,20.999249,La Union-Narino
2015-09-01,2015,16.788239,10.750397,67.55571,6.7933445,20.156752,Ricaurte-Moniquira
2015-10-01,2015,19.206818,15.457428,78.90547,14.759992,18.266129,La Union-Narino
2015-10-01,2015,16.538239,12.218658,75.63477,7.711685,17.388817,Ricaurte-Moniquira
2015-11-01,2015,18.780182,16.039703,84.10872,14.478791,16.359282,La Union-Narino
2015-11-01,2015,16.17276,13.383942,83.549866,9.671942,16.574303,Ricaurte-Moniquira
2015-12-01,2015,19.910797,15.215363,74.365204,5.773073,19.17144,La Union-Narino
2015-12-01,2015,16.815338,11.815338,72.36781,5.93038,19.10936,Ricaurte-Moniquira
2016-01-01,2016,19.652008,16.449615,81.7716,8.19594,19.25144,La Union-Narino
2016-01-01,2016,16.775543,12.61319,76.45796,3.1922808,19.085648,Ricaurte-Moniquira
2016-02-01,2016,19.835114,16.695953,82.12381,14.024261,18.847153,La Union-Narino
2016-02-01,2016,17.415924,13.342682,77.0057,5.728396,18.466864,Ricaurte-Moniquira
2016-03-01,2016,19.536774,16.954498,85.04177,16.266138,18.155918,La Union-Narino
2016-03-01,2016,17.46695,14.125885,80.76484,6.4639187,18.97288,Ricaurte-Moniquira
2016-04-01,2016,19.41214,17.00821,85.995285,18.398699,17.318413,La Union-Narino
2016-04-01,2016,16.831207,14.299713,85.0313,11.718571,16.740349,Ricaurte-Moniquira
2016-05-01,2016,19.487701,16.412994,82.41815,13.515595,16.679438,La Union-Narino
2016-05-01,2016,16.771149,13.810944,82.69461,12.172602,16.437511,Ricaurte-Moniquira
2016-06-01,2016,19.094635,14.984161,77.08019,10.506257,16.914364,La Union-Narino
2016-06-01,2016,16.267487,12.233551,77.02465,7.8534036,18.170378,Ricaurte-Moniquira
2016-07-01,2016,18.996735,14.0781555,73.145676,6.157264,16.773895,La Union-Narino
2016-07-01,2016,15.998688,11.928864,76.80077,8.755837,17.889067,Ricaurte-Moniquira
2016-08-01,2016,20.009674,13.450836,65.940796,3.5560842,19.5752,La Union-Narino
2016-08-01,2016,16.256989,11.368317,72.80065,6.4121933,19.8004,Ricaurte-Moniquira
2016-09-01,2016,19.190094,14.771027,75.5786,9.977024,19.785969,La Union-Narino
2016-09-01,2016,16.162262,11.745026,75.087715,8.338982,19.008673,Ricaurte-Moniquira
2016-10-01,2016,18.565338,16.039948,85.24778,15.316483,18.03556,La Union-Narino
2016-10-01,2016,16.129913,12.965973,81.524376,9.181492,16.567724,Ricaurte-Moniquira
2016-11-01,2016,18.514801,16.044464,85.542564,17.230097,16.98817,La Union-Narino
2016-11-01,2016,15.7586975,13.426666,86.027435,7.9084487,16.436892,Ricaurte-Moniquira
2016-12-01,2016,18.144562,16.178375,88.302704,20.557072,17.002008,La Union-Narino
2016-12-01,2016,15.721222,13.227692,85.1228,7.643171,16.130857,Ricaurte-Moniquira
2017-01-01,2017,18.07901,15.591217,85.402214,17.063152,16.196014,La Union-Narino
2017-01-01,2017,15.3854065,12.300812,81.853485,5.17662,18.714993,Ricaurte-Moniquira
2017-02-01,2017,18.699127,15.279083,80.518974,9.75908,18.874657,La Union-Narino
2017-02-01,2017,15.761871,11.772614,77.1726,3.082091,20.684608,Ricaurte-Moniquira
2017-03-01,2017,18.33902,16.24295,87.59158,18.922928,17.170294,La Union-Narino
2017-03-01,2017,15.40567,13.27066,87.10457,9.648241,16.688461,Ricaurte-Moniquira
2017-04-01,2017,19.236359,16.35196,83.39241,14.056601,18.899776,La Union-Narino
2017-04-01,2017,16.2836,13.227936,82.12242,8.683633,18.747025,Ricaurte-Moniquira
2017-05-01,2017,18.707794,16.217926,85.455925,15.5853815,17.145397,La Union-Narino
2017-05-01,2017,16.290924,13.592926,84.05887,11.012212,16.880075,Ricaurte-Moniquira
2017-06-01,2017,18.86795,15.829132,82.531364,13.401821,17.151108,La Union-Narino
2017-06-01,2017,16.109283,13.291412,83.3844,10.784782,16.994328,Ricaurte-Moniquira
2017-07-01,2017,19.510162,13.263092,67.18873,2.5863078,17.606731,La Union-Narino
2017-07-01,2017,16.16397,12.158112,77.15082,8.181179,18.206268,Ricaurte-Moniquira
2017-08-01,2017,19.554352,13.870392,69.70464,5.2540903,19.866688,La Union-Narino
2017-08-01,2017,16.09488,12.089264,77.141304,6.799065,19.773584,Ricaurte-Moniquira
2017-09-01,2017,19.434235,14.561432,73.43937,9.057284,20.285488,La Union-Narino
2017-09-01,2017,15.955719,12.294342,78.88616,10.024437,19.164207,Ricaurte-Moniquira
2017-10-01,2017,18.567657,15.552887,82.62194,16.438156,18.132725,La Union-Narino
2017-10-01,2017,15.785065,12.669098,81.736244,7.6640735,17.853935,Ricaurte-Moniquira
2017-11-01,2017,18.359528,16.300934,87.80275,13.360795,17.326693,La Union-Narino
2017-11-01,2017,15.738434,13.517975,86.65256,6.4522924,16.53562,Ricaurte-Moniquira
2017-12-01,2017,18.517487,15.972443,85.13588,12.817115,18.539455,La Union-Narino
2017-12-01,2017,15.664459,12.439362,81.13782,2.742409,18.595488,Ricaurte-Moniquira
2018-01-01,2018,17.88858,15.586578,86.40516,14.222175,17.620724,La Union-Narino
2018-01-01,2018,15.361237,12.465363,82.87102,5.27459,17.934656,Ricaurte-Moniquira
2018-02-01,2018,18.658844,16.137848,85.28144,17.650467,17.203466,La Union-Narino
2018-02-01,2018,15.634674,12.015778,79.06024,3.6261327,20.066463,Ricaurte-Moniquira
2018-03-01,2018,18.65384,15.980988,84.45856,14.624785,19.690351,La Union-Narino
2018-03-01,2018,15.7464905,12.781647,82.544235,7.6816716,19.529968,Ricaurte-Moniquira
2018-04-01,2018,18.504059,15.900909,84.8191,16.396664,16.835032,La Union-Narino
2018-04-01,2018,15.386139,13.053009,85.983734,10.074414,16.859589,Ricaurte-Moniquira
2018-05-01,2018,18.536774,16.265411,86.63694,22.79305,16.668852,La Union-Narino
2018-05-01,2018,15.729645,13.480377,86.48938,14.612894,15.86184,Ricaurte-Moniquira
2018-06-01,2018,19.187408,15.252716,77.970146,11.042587,16.253113,La Union-Narino
2018-06-01,2018,15.973541,12.411041,79.402664,8.556354,18.15586,Ricaurte-Moniquira
2018-07-01,2018,19.708405,14.065216,69.918976,6.4057894,17.695383,La Union-Narino
2018-07-01,2018,15.955719,11.835846,76.54102,5.9970756,18.916,Ricaurte-Moniquira
2018-08-01,2018,20.08609,12.622345,62.172222,2.6415145,20.515615,La Union-Narino
2018-08-01,2018,15.52066,10.823883,73.60118,4.634885,20.406368,Ricaurte-Moniquira
2018-09-01,2018,19.511139,13.996979,70.468315,6.8242774,20.959232,La Union-Narino
2018-09-01,2018,15.598541,12.178131,80.09451,8.437778,18.776785,Ricaurte-Moniquira
2018-10-01,2018,18.807648,15.876251,83.09265,12.645901,18.58848,La Union-Narino
2018-10-01,2018,15.832672,13.433502,85.659615,10.107376,16.614029,Ricaurte-Moniquira
2018-11-01,2018,18.656647,16.684235,88.31091,16.668816,15.406103,La Union-Narino
2018-11-01,2018,15.939728,13.759186,86.89699,6.6067057,16.71368,Ricaurte-Moniquira
2018-12-01,2018,18.925446,15.417267,80.09552,9.214487,19.204384,La Union-Narino
2018-12-01,2018,15.603912,11.583282,76.98825,1.6931789,19.91888,Ricaurte-Moniquira
2019-01-01,2019,19.399567,15.4888,78.12147,9.617917,18.862465,La Union-Narino
2019-01-01,2019,15.69693,12.017853,78.75662,2.5627105,19.02904,Ricaurte-Moniquira
2019-02-01,2019,19.16043,16.552277,84.862305,17.286577,18.280928,La Union-Narino
2019-02-01,2019,16.254547,13.392609,83.16244,6.5864882,18.771729,Ricaurte-Moniquira
2019-03-01,2019,19.443268,16.544586,83.34071,14.356628,18.917631,La Union-Narino
2019-03-01,2019,16.192535,13.891144,86.24224,9.303175,17.629904,Ricaurte-Moniquira
2019-04-01,2019,19.118317,16.595856,85.321304,17.073776,17.567036,La Union-Narino
2019-04-01,2019,16.369293,13.886993,85.2537,10.702878,17.210903,Ricaurte-Moniquira
2019-05-01,2019,19.115997,16.261139,83.53551,15.667215,17.168941,La Union-Narino
2019-05-01,2019,16.394928,13.787018,84.56411,12.802493,16.122581,Ricaurte-Moniquira
2019-06-01,2019,19.507477,15.5121155,77.715164,11.522721,16.676235,La Union-Narino
2019-06-01,2019,16.586823,13.092438,79.84414,8.361055,18.08022,Ricaurte-Moniquira
2019-07-01,2019,19.521881,14.056183,70.69206,6.6750536,17.810375,La Union-Narino
2019-07-01,2019,16.126373,12.116119,77.122665,5.528867,19.2984,Ricaurte-Moniquira
2019-08-01,2019,20.45816,10.849396,54.05053,0.8841516,21.208977,La Union-Narino
2019-08-01,2019,15.687897,11.237701,74.84452,3.6120934,20.293056,Ricaurte-Moniquira
2019-09-01,2019,20.021149,13.7388,67.139725,6.7155714,20.066368,La Union-Narino
2019-09-01,2019,16.014069,12.178864,77.99851,6.854699,19.471489,Ricaurte-Moniquira
2019-10-01,2019,18.311554,15.636261,84.40779,16.979668,18.57234,La Union-Narino
2019-10-01,2019,15.423004,12.716949,83.91593,8.4861145,17.359377,Ricaurte-Moniquira
2019-11-01,2019,18.749054,16.450104,86.50522,15.041783,16.612984,La Union-Narino
2019-11-01,2019,15.726959,13.328766,85.65418,5.1826315,17.419249,Ricaurte-Moniquira
2019-12-01,2019,18.803375,16.546906,86.74442,16.960613,17.107115,La Union-Narino
2019-12-01,2019,16.105377,13.10025,82.37143,4.1928563,17.984753,Ricaurte-Moniquira
2020-01-01,2020,19.644562,15.869293,78.83773,6.70952,19.149632,La Union-Narino
2020-01-01,2020,15.903961,11.7969055,76.59751,1.0996295,19.809984,Ricaurte-Moniquira
2020-02-01,2020,19.600494,16.220001,80.84295,10.692735,20.008415,La Union-Narino
2020-02-01,2020,16.67984,12.010162,73.936066,2.7857933,20.450352,Ricaurte-Moniquira
2020-03-01,2020,19.26529,16.585724,84.4893,16.746244,18.576448,La Union-Narino
2020-03-01,2020,16.279938,13.139557,81.669266,5.582109,20.565008,Ricaurte-Moniquira
2020-04-01,2020,19.201447,16.710968,85.50337,21.33564,17.518858,La Union-Narino
2020-04-01,2020,16.557526,13.636383,82.878845,8.645922,18.591951,Ricaurte-Moniquira
2020-05-01,2020,19.558014,16.686432,83.497635,16.542036,16.420183,La Union-Narino
2020-05-01,2020,17.248688,13.700836,79.65888,9.536047,17.43816,Ricaurte-Moniquira
2020-06-01,2020,19.021759,15.778229,81.47732,13.742637,17.032331,La Union-Narino
2020-06-01,2020,16.227448,12.8055725,80.17359,7.909939,17.394968,Ricaurte-Moniquira
2020-07-01,2020,18.945465,14.954742,77.65358,12.143329,17.301785,La Union-Narino
2020-07-01,2020,16.069733,12.473785,79.24228,8.978983,17.389536,Ricaurte-Moniquira
2020-08-01,2020,19.120758,14.168121,73.00637,9.215429,19.313776,La Union-Narino
2020-08-01,2020,16.27066,12.356598,77.634186,7.6705675,18.224848,Ricaurte-Moniquira
2020-09-01,2020,18.871979,14.897247,77.72246,10.984108,20.67608,La Union-Narino
2020-09-01,2020,15.739166,12.045319,78.686264,9.199519,18.80288,Ricaurte-Moniquira
2020-10-01,2020,19.398834,15.151398,76.451614,10.657035,19.532896,La Union-Narino
2020-10-01,2020,15.952301,12.327789,79.07694,10.002987,17.81384,Ricaurte-Moniquira
2020-11-01,2020,18.620758,15.85733,83.96764,14.284492,18.789814,La Union-Narino
2020-11-01,2020,15.525055,13.613922,88.394394,9.4634,15.641182,Ricaurte-Moniquira
2020-12-01,2020,18.139313,16.17398,88.307076,19.29989,15.999548,La Union-Narino
2020-12-01,2020,15.488922,12.681793,83.36989,4.087639,17.52864,Ricaurte-Moniquira
2021-01-01,2021,18.291656,15.935822,86.14764,18.758402,18.184616,La Union-Narino
2021-01-01,2021,15.773102,11.131744,73.91677,2.3106694,20.192287,Ricaurte-Moniquira
2021-02-01,2021,18.65982,16.356232,86.47111,14.774565,17.081152,La Union-Narino
2021-02-01,2021,15.62735,11.897736,78.484634,4.167662,19.750496,Ricaurte-Moniquira
2021-03-01,2021,18.064362,15.782623,86.53431,17.287844,16.678783,La Union-Narino
2021-03-01,2021,14.98111,12.474884,84.972885,8.829885,17.832264,Ricaurte-Moniquira
2021-04-01,2021,18.355133,15.94632,85.862946,20.138338,16.619484,La Union-Narino
2021-04-01,2021,15.938141,13.268219,84.172844,11.793793,16.844131,Ricaurte-Moniquira
2021-05-01,2021,18.899933,16.18863,84.278694,19.435268,16.902897,La Union-Narino
2021-05-01,2021,16.302399,13.57193,83.88281,10.644872,16.516136,Ricaurte-Moniquira
2021-06-01,2021,18.341461,15.54837,83.776794,17.521471,16.38261,La Union-Narino
2021-06-01,2021,15.703522,12.889801,83.35922,9.740982,16.87343,Ricaurte-Moniquira
2021-07-01,2021,19.095612,14.060455,72.61272,7.8938603,16.871996,La Union-Narino
2021-07-01,2021,16.039703,11.945221,76.68257,8.059406,18.252752,Ricaurte-Moniquira
2021-08-01,2021,18.742828,13.989288,73.88784,13.388045,18.44352,La Union-Narino
2021-08-01,2021,15.745758,12.293121,79.94544,9.32364,17.92992,Ricaurte-Moniquira
2021-09-01,2021,18.829254,14.126251,74.14509,13.535638,19.819344,La Union-Narino
2021-09-01,2021,15.683258,12.129059,79.40462,8.625181,18.550495,Ricaurte-Moniquira
2021-10-01,2021,18.38028,15.705719,84.419304,17.513401,18.031864,La Union-Narino
2021-10-01,2021,15.810822,13.190094,84.4291,9.731557,17.117552,Ricaurte-Moniquira
2021-11-01,2021,18.021759,16.151398,88.833664,17.513857,15.770295,La Union-Narino
2021-11-01,2021,15.496613,13.152985,85.935974,6.568093,17.228369,Ricaurte-Moniquira
2021-12-01,2021,18.360748,16.56009,89.25569,17.323893,15.830987,La Union-Narino
2021-12-01,2021,15.824127,13.469879,85.90967,4.9853015,17.079296,Ricaurte-Moniquira
2022-01-01,2022,18.006622,15.862946,87.295944,15.918556,16.370687,La Union-Narino
2022-01-01,2022,15.2586975,12.263702,82.320786,3.0253148,18.908031,Ricaurte-Moniquira
2022-02-01,2022,17.845612,15.928131,88.55254,19.125875,15.607302,La Union-Narino
2022-02-01,2022,15.051178,12.63089,85.460526,6.966182,17.554289,Ricaurte-Moniquira
2022-03-01,2022,18.087555,15.880402,86.95004,19.638706,16.518625,La Union-Narino
2022-03-01,2022,15.504547,13.1909485,86.10534,8.9019165,17.825584,Ricaurte-Moniquira
2022-04-01,2022,18.532501,16.134308,85.93896,21.821678,17.003876,La Union-Narino
2022-04-01,2022,15.677399,13.299957,85.76503,12.110144,16.447742,Ricaurte-Moniquira
2022-05-01,2022,18.481354,15.96463,85.28619,20.383722,16.228703,La Union-Narino
2022-05-01,2022,16.354645,13.344391,82.37478,10.527998,16.313486,Ricaurte-Moniquira
2022-06-01,2022,17.640778,15.214508,85.694695,18.656366,16.858112,La Union-Narino
2022-06-01,2022,15.147369,12.989655,86.951294,11.518844,15.918485,Ricaurte-Moniquira
2022-07-01,2022,18.464996,15.210968,81.35091,13.894059,17.162073,La Union-Narino
2022-07-01,2022,15.645172,12.482086,81.46612,8.452964,17.73808,Ricaurte-Moniquira
2022-08-01,2022,18.699371,14.112213,74.68146,10.210771,19.408464,La Union-Narino
2022-08-01,2022,15.3714905,11.841705,79.487976,8.000607,18.165552,Ricaurte-Moniquira
2022-09-01,2022,18.604645,14.094147,75.03739,10.26493,20.499985,La Union-Narino
2022-09-01,2022,15.12735,12.2565,82.979004,9.266317,18.405968,Ricaurte-Moniquira
2022-10-01,2022,18.276886,15.500641,83.85989,13.943482,17.690586,La Union-Narino
2022-10-01,2022,15.259186,12.96402,86.18453,8.658364,16.700085,Ricaurte-Moniquira
2022-11-01,2022,18.209747,15.573883,84.61,13.512928,17.421991,La Union-Narino
2022-11-01,2022,15.330475,13.191437,87.074646,8.44317,15.632223,Ricaurte-Moniquira
2022-12-01,2022,18.108429,15.74173,86.06968,15.325632,17.20716,La Union-Narino
2022-12-01,2022,15.091705,12.331818,83.58194,3.3422694,17.964352,Ricaurte-Moniquira
2023-01-01,2023,17.832428,15.303986,85.154205,13.116102,17.265163,La Union-Narino
2023-01-01,2023,14.957428,12.282257,84.03289,5.4901896,18.185057,Ricaurte-Moniquira
2023-02-01,2023,18.682404,15.67215,82.659744,14.585837,18.961231,La Union-Narino
2023-02-01,2023,15.411041,12.3909,82.20396,5.257373,19.86936,Ricaurte-Moniquira
2023-03-01,2023,18.201813,15.832916,86.06686,21.082275,15.96169,La Union-Narino
2023-03-01,2023,15.436432,13.375397,87.52839,10.2522335,16.75707,Ricaurte-Moniquira
2023-04-01,2023,18.645905,15.950714,84.3373,17.77584,16.767044,La Union-Narino
2023-04-01,2023,15.847321,13.491852,85.90518,9.507279,16.755758,Ricaurte-Moniquira
2023-05-01,2023,19.504425,16.448639,82.51946,18.709835,16.39636,La Union-Narino
2023-05-01,2023,16.911774,13.840729,82.11897,9.890914,17.163784,Ricaurte-Moniquira
2023-06-01,2023,19.451813,15.059357,75.75067,9.979788,17.117908,La Union-Narino
2023-06-01,2023,16.7482,12.7621155,77.34155,7.1774373,17.877377,Ricaurte-Moniquira
2023-07-01,2023,19.78653,14.121735,69.83622,6.6422486,17.5469,La Union-Narino
2023-07-01,2023,16.652496,12.707184,77.533585,7.2393007,18.267668,Ricaurte-Moniquira
2023-08-01,2023,20.194733,13.203888,64.149376,6.392587,18.667248,La Union-Narino
2023-08-01,2023,16.84024,12.264069,74.41996,6.082555,19.773024,Ricaurte-Moniquira
2023-09-01,2023,20.275543,14.121368,67.75249,8.396201,19.959135,La Union-Narino
2023-09-01,2023,16.917389,11.736969,71.53024,6.087992,20.530128,Ricaurte-Moniquira
2023-10-01,2023,19.209259,15.613312,79.685326,13.806947,18.08438,La Union-Narino
2023-10-01,2023,16.343903,13.235016,81.845436,9.01138,16.908464,Ricaurte-Moniquira
2023-11-01,2023,19.21939,16.550812,84.54332,15.842184,16.612938,La Union-Narino
2023-11-01,2023,16.57315,13.7308655,83.30658,7.6517053,16.891104,Ricaurte-Moniquira
2023-12-01,2023,19.262238,16.707916,85.16381,17.593168,15.623654,La Union-Narino
2023-12-01,2023,16.799469,13.764313,82.29654,3.7054715,17.897392,Ricaurte-Moniquira
2024-01-01,2024,19.89859,16.122223,78.86869,11.777216,21.160944,La Union-Narino
2024-01-01,2024,17.343903,12.314606,72.32442,1.0602602,21.7516,Ricaurte-Moniquira
2024-02-01,2024,19.82486,16.455109,80.92776,11.959162,18.830368,La Union-Narino
2024-02-01,2024,16.884186,14.015778,83.20219,6.6807084,18.818096,Ricaurte-Moniquira
2024-03-01,2024,19.870758,16.660065,81.75604,11.857383,18.791697,La Union-Narino
2024-03-01,2024,17.26529,13.933502,80.78653,4.8518023,20.536625,Ricaurte-Moniquira
2024-04-01,2024,19.366364,16.707794,84.61305,20.892136,17.918749,La Union-Narino
2024-04-01,2024,16.880035,14.243317,84.45967,11.468787,17.273071,Ricaurte-Moniquira
2024-05-01,2024,19.65628,17.06607,85.01165,20.56865,15.406765,La Union-Narino
2024-05-01,2024,17.464752,14.581207,83.18941,11.51669,16.01142,Ricaurte-Moniquira
2024-06-01,2024,19.432037,16.187897,81.526634,17.325062,15.869094,La Union-Narino
2024-06-01,2024,16.65567,13.921783,83.904526,10.146018,16.292992,Ricaurte-Moniquira
2024-07-01,2024,20.048004,13.302643,65.15246,3.9813929,18.137314,La Union-Narino
2024-07-01,2024,16.68277,12.818756,77.95193,6.819814,18.400934,Ricaurte-Moniquira
2024-08-01,2024,19.76944,12.840607,64.3164,7.252521,20.764576,La Union-Narino
2024-08-01,2024,16.433258,12.071686,75.40886,5.5752287,19.945456,Ricaurte-Moniquira
2024-09-01,2024,20.646149,13.426666,63.299477,4.7707224,21.35496,La Union-Narino
2024-09-01,2024,16.684235,12.105377,74.38016,7.3861575,19.385809,Ricaurte-Moniquira
2024-10-01,2024,19.207062,15.691193,80.09451,13.631645,19.31944,La Union-Narino
2024-10-01,2024,16.437408,13.279449,81.595894,8.5972805,17.546528,Ricaurte-Moniquira
2024-11-01,2024,18.322052,14.732452,79.59407,8.17705,18.201696,La Union-Narino
2024-11-01,2024,15.782013,13.745636,87.700005,9.455036,14.777744,Ricaurte-Moniquira
2024-12-01,2024,18.394196,16.303741,87.62782,20.030464,16.344389,La Union-Narino
2024-12-01,2024,16.181671,13.350494,83.32063,4.92251,17.162352,Ricaurte-Moniquira
