valid_time,year,t2m_c,d2m_c,RH,tp_mm,ssrd_MJ
2015-01-01,2015,15.587555,11.431305,76.298485,3.8932106,18.93552
2015-02-01,2015,15.988922,12.668121,80.67337,5.935572,18.381824
2015-03-01,2015,16.02945,13.143219,83.003944,7.540397,18.318607
2015-04-01,2015,16.369537,13.250641,81.79529,11.235106,17.785149
2015-05-01,2015,16.640778,12.795807,78.04281,8.861885,18.225807
2015-06-01,2015,16.603668,11.971344,74.10498,7.0424056,17.86712
2015-07-01,2015,16.484283,11.480377,72.288826,7.529437,17.71168
2015-08-01,2015,16.524323,11.228912,70.9148,6.4113708,19.153025
2015-09-01,2015,16.788239,10.750397,67.55571,6.7933445,20.156752
2015-10-01,2015,16.538239,12.218658,75.63477,7.711685,17.388817
2015-11-01,2015,16.17276,13.383942,83.549866,9.671942,16.574303
2015-12-01,2015,16.815338,11.815338,72.36781,5.93038,19.10936
2016-01-01,2016,16.775543,12.61319,76.45796,3.1922808,19.085648
2016-02-01,2016,17.415924,13.342682,77.0057,5.728396,18.466864
2016-03-01,2016,17.46695,14.125885,80.76484,6.4639187,18.97288
2016-04-01,2016,16.831207,14.299713,85.0313,11.718571,16.740349
2016-05-01,2016,16.771149,13.810944,82.69461,12.172602,16.437511
2016-06-01,2016,16.267487,12.233551,77.02465,7.8534036,18.170378
2016-07-01,2016,15.998688,11.928864,76.80077,8.755837,17.889067
2016-08-01,2016,16.256989,11.368317,72.80065,6.4121933,19.8004
2016-09-01,2016,16.162262,11.745026,75.087715,8.338982,19.008673
2016-10-01,2016,16.129913,12.965973,81.524376,9.181492,16.567724
2016-11-01,2016,15.7586975,13.426666,86.027435,7.9084487,16.436892
2016-12-01,2016,15.721222,13.227692,85.1228,7.643171,16.130857
2017-01-01,2017,15.3854065,12.300812,81.853485,5.17662,18.714993
2017-02-01,2017,15.761871,11.772614,77.1726,3.082091,20.684608
2017-03-01,2017,15.40567,13.27066,87.10457,9.648241,16.688461
2017-04-01,2017,16.2836,13.227936,82.12242,8.683633,18.747025
2017-05-01,2017,16.290924,13.592926,84.05887,11.012212,16.880075
2017-06-01,2017,16.109283,13.291412,83.3844,10.784782,16.994328
2017-07-01,2017,16.16397,12.158112,77.15082,8.181179,18.206268
2017-08-01,2017,16.09488,12.089264,77.141304,6.799065,19.773584
2017-09-01,2017,15.955719,12.294342,78.88616,10.024437,19.164207
2017-10-01,2017,15.785065,12.669098,81.736244,7.6640735,17.853935
2017-11-01,2017,15.738434,13.517975,86.65256,6.4522924,16.53562
2017-12-01,2017,15.664459,12.439362,81.13782,2.742409,18.595488
2018-01-01,2018,15.361237,12.465363,82.87102,5.27459,17.934656
2018-02-01,2018,15.634674,12.015778,79.06024,3.6261327,20.066463
2018-03-01,2018,15.7464905,12.781647,82.544235,7.6816716,19.529968
2018-04-01,2018,15.386139,13.053009,85.983734,10.074414,16.859589
2018-05-01,2018,15.729645,13.480377,86.48938,14.612894,15.86184
2018-06-01,2018,15.973541,12.411041,79.402664,8.556354,18.15586
2018-07-01,2018,15.955719,11.835846,76.54102,5.9970756,18.916
2018-08-01,2018,15.52066,10.823883,73.60118,4.634885,20.406368
2018-09-01,2018,15.598541,12.178131,80.09451,8.437778,18.776785
2018-10-01,2018,15.832672,13.433502,85.659615,10.107376,16.614029
2018-11-01,2018,15.939728,13.759186,86.89699,6.6067057,16.71368
2018-12-01,2018,15.603912,11.583282,76.98825,1.6931789,19.91888
2019-01-01,2019,15.69693,12.017853,78.75662,2.5627105,19.02904
2019-02-01,2019,16.254547,13.392609,83.16244,6.5864882,18.771729
2019-03-01,2019,16.192535,13.891144,86.24224,9.303175,17.629904
2019-04-01,2019,16.369293,13.886993,85.2537,10.702878,17.210903
2019-05-01,2019,16.394928,13.787018,84.56411,12.802493,16.122581
2019-06-01,2019,16.586823,13.092438,79.84414,8.361055,18.08022
2019-07-01,2019,16.126373,12.116119,77.122665,5.528867,19.2984
2019-08-01,2019,15.687897,11.237701,74.84452,3.6120934,20.293056
2019-09-01,2019,16.014069,12.178864,77.99851,6.854699,19.471489
2019-10-01,2019,15.423004,12.716949,83.91593,8.4861145,17.359377
2019-11-01,2019,15.726959,13.328766,85.65418,5.1826315,17.419249
2019-12-01,2019,16.105377,13.10025,82.37143,4.1928563,17.984753
2020-01-01,2020,15.903961,11.7969055,76.59751,1.0996295,19.809984
2020-02-01,2020,16.67984,12.010162,73.936066,2.7857933,20.450352
2020-03-01,2020,16.279938,13.139557,81.669266,5.582109,20.565008
2020-04-01,2020,16.557526,13.636383,82.878845,8.645922,18.591951
2020-05-01,2020,17.248688,13.700836,79.65888,9.536047,17.43816
2020-06-01,2020,16.227448,12.8055725,80.17359,7.909939,17.394968
2020-07-01,2020,16.069733,12.473785,79.24228,8.978983,17.389536
2020-08-01,2020,16.27066,12.356598,77.634186,7.6705675,18.224848
2020-09-01,2020,15.739166,12.045319,78.686264,9.199519,18.80288
2020-10-01,2020,15.952301,12.327789,79.07694,10.002987,17.81384
2020-11-01,2020,15.525055,13.613922,88.394394,9.4634,15.641182
2020-12-01,2020,15.488922,12.681793,83.36989,4.087639,17.52864
2021-01-01,2021,15.773102,11.131744,73.91677,2.3106694,20.192287
2021-02-01,2021,15.62735,11.897736,78.484634,4.167662,19.750496
2021-03-01,2021,14.98111,12.474884,84.972885,8.829885,17.832264
2021-04-01,2021,15.938141,13.268219,84.172844,11.793793,16.844131
2021-05-01,2021,16.302399,13.57193,83.88281,10.644872,16.516136
2021-06-01,2021,15.703522,12.889801,83.35922,9.740982,16.87343
2021-07-01,2021,16.039703,11.945221,76.68257,8.059406,18.252752
2021-08-01,2021,15.745758,12.293121,79.94544,9.32364,17.92992
2021-09-01,2021,15.683258,12.129059,79.40462,8.625181,18.550495
2021-10-01,2021,15.810822,13.190094,84.4291,9.731557,17.117552
2021-11-01,2021,15.496613,13.152985,85.935974,6.568093,17.228369
2021-12-01,2021,15.824127,13.469879,85.90967,4.9853015,17.079296
2022-01-01,2022,15.2586975,12.263702,82.320786,3.0253148,18.908031
2022-02-01,2022,15.051178,12.63089,85.460526,6.966182,17.554289
2022-03-01,2022,15.504547,13.1909485,86.10534,8.9019165,17.825584
2022-04-01,2022,15.677399,13.299957,85.76503,12.110144,16.447742
2022-05-01,2022,16.354645,13.344391,82.37478,10.527998,16.313486
2022-06-01,2022,15.147369,12.989655,86.951294,11.518844,15.918485
2022-07-01,2022,15.645172,12.482086,81.46612,8.452964,17.73808
2022-08-01,2022,15.3714905,11.841705,79.487976,8.000607,18.165552
2022-09-01,2022,15.12735,12.2565,82.979004,9.266317,18.405968
2022-10-01,2022,15.259186,12.96402,86.18453,8.658364,16.700085
2022-11-01,2022,15.330475,13.191437,87.074646,8.44317,15.632223
2022-12-01,2022,15.091705,12.331818,83.58194,3.3422694,17.964352
2023-01-01,2023,14.957428,12.282257,84.03289,5.4901896,18.185057
2023-02-01,2023,15.411041,12.3909,82.20396,5.257373,19.86936
2023-03-01,2023,15.436432,13.375397,87.52839,10.2522335,16.75707
2023-04-01,2023,15.847321,13.491852,85.90518,9.507279,16.755758
2023-05-01,2023,16.911774,13.840729,82.11897,9.890914,17.163784
2023-06-01,2023,16.7482,12.7621155,77.34155,7.1774373,17.877377
2023-07-01,2023,16.652496,12.707184,77.533585,7.2393007,18.267668
2023-08-01,2023,16.84024,12.264069,74.41996,6.082555,19.773024
2023-09-01,2023,16.917389,11.736969,71.53024,6.087992,20.530128
2023-10-01,2023,16.343903,13.235016,81.845436,9.01138,16.908464
2023-11-01,2023,16.57315,13.7308655,83.30658,7.6517053,16.891104
2023-12-01,2023,16.799469,13.764313,82.29654,3.7054715,17.897392
2024-01-01,2024,17.343903,12.314606,72.32442,1.0602602,21.7516
2024-02-01,2024,16.884186,14.015778,83.20219,6.6807084,18.818096
2024-03-01,2024,17.26529,13.933502,80.78653,4.8518023,20.536625
2024-04-01,2024,16.880035,14.243317,84.45967,11.468787,17.273071
2024-05-01,2024,17.464752,14.581207,83.18941,11.51669,16.01142
2024-06-01,2024,16.65567,13.921783,83.904526,10.146018,16.292992
2024-07-01,2024,16.68277,12.818756,77.95193,6.819814,18.400934
2024-08-01,2024,16.433258,12.071686,75.40886,5.5752287,19.945456
2024-09-01,2024,16.684235,12.105377,74.38016,7.3861575,19.385809
2024-10-01,2024,16.437408,13.279449,81.595894,8.5972805,17.546528
2024-11-01,2024,15.782013,13.745636,87.700005,9.455036,14.777744
2024-12-01,2024,16.181671,13.350494,83.32063,4.92251,17.162352
